symbol,mcap,rank,bucket
RELIANCE.NS,18839907598336,1,Large
HDFCBANK.NS,12816257908736,2,Large
BHARTIARTL.NS,10972568748032,3,Large
SBIN.NS,10017065402368,4,Large
ICICIBANK.NS,9064812642304,5,Large
TCS.NS,8836816568320,6,Large
BAJFINANCE.NS,5365327986688,7,Large
INFY.NS,5121941962752,8,Large
LT.NS,5116586885120,9,Large
LICI.NS,5038809284608,10,Large
HINDUNILVR.NS,5021570695168,11,Large
SUNPHARMA.NS,4379506114560,12,Large
MARUTI.NS,4090691584000,13,Large
AXISBANK.NS,3835874770944,14,Large
ITC.NS,3810138783744,15,Large
NTPC.NS,3787033149440,16,Large
KOTAKBANK.NS,3732543111168,17,Large
HCLTECH.NS,3674546634752,18,Large
TITAN.NS,3663142060032,19,Large
M&M.NS,3638873292800,20,Large
ONGC.NS,3403594334208,21,Large
BEL.NS,3315350110208,22,Large
ULTRACEMCO.NS,3262094245888,23,Large
ADANIPORTS.NS,3205958991872,24,Large
COALINDIA.NS,2897098571776,25,Large
ADANIPOWER.NS,2875741700096,26,Large
JSWSTEEL.NS,2864499654656,27,Large
BAJAJFINSV.NS,2828848070656,28,Large
POWERGRID.NS,2823663386624,29,Large
VEDL.NS,2812319629312,30,Large
ADANIENT.NS,2726590414848,31,Large
HAL.NS,2684128329728,32,Large
DMART.NS,2572738363392,33,Large
BAJAJ-AUTO.NS,2558511808512,34,Large
HINDZINC.NS,2463360876544,35,Large
TATASTEEL.NS,2412928565248,36,Large
NESTLEIND.NS,2354086150144,37,Large
IOC.NS,2261657583616,38,Large
HINDALCO.NS,2168240078848,39,Large
ASIANPAINT.NS,2129229643776,40,Large
WIPRO.NS,2121823420416,41,Large
ETERNAL.NS,2015333318656,42,Large
SBILIFE.NS,1945250693120,43,Large
SHRIRAMFIN.NS,1941172387840,44,Large
EICHERMOT.NS,1913478709248,45,Large
GRASIM.NS,1812609761280,46,Large
DIVISLAB.NS,1667673620480,47,Large
INDIGO.NS,1643761762304,48,Large
TVSMOTOR.NS,1625598459904,49,Large
HYUNDAI.NS,1620775796736,50,Large
JIOFIN.NS,1538730885120,51,Large
TORNTPHARM.NS,1504728449024,52,Large
BANKBARODA.NS,1495557996544,53,Large
ADANIGREEN.NS,1427360448512,54,Large
BPCL.NS,1415871332352,55,Large
PIDILITIND.NS,1412049010688,56,Large
BRITANNIA.NS,1393904844800,57,Large
HDFCLIFE.NS,1392824025088,58,Large
UNIONBANK.NS,1390441267200,59,Large
VBL.NS,1390209794048,60,Large
DLF.NS,1381973884928,61,Large
PFC.NS,1372512190464,62,Large
ABB.NS,1358199652352,63,Large
PNB.NS,1340408987648,64,Large
CUMMINSIND.NS,1317698011136,65,Large
SOLARINDS.NS,1314368126976,66,Large
IRFC.NS,1306058031104,67,Large
MUTHOOTFIN.NS,1303098294272,68,Large
CHOLAFIN.NS,1300007616512,69,Large
TATAPOWER.NS,1285005770752,70,Large
LTM.NS,1281682178048,71,Large
CANBK.NS,1272975196160,72,Large
MOTHERSON.NS,1268327383040,73,Large
TRENT.NS,1256150532096,74,Large
JINDALSTEL.NS,1246422892544,75,Large
INDIANB.NS,1225637494784,76,Large
ADANIENSOL.NS,1208799723520,77,Large
TECHM.NS,1195542708224,78,Large
TMPV.NS,1195115544576,79,Large
SIEMENS.NS,1183993823232,80,Large
INDUSTOWER.NS,1165753581568,81,Large
CGPOWER.NS,1161184542720,82,Large
BSE.NS,1157711659008,83,Large
POLYCAB.NS,1123531096064,84,Large
POWERINDIA.NS,1109781118976,85,Large
AMBUJACEM.NS,1103545630720,86,Large
DRREDDY.NS,1098345086976,87,Large
BAJAJHLDNG.NS,1089452179456,88,Large
APOLLOHOSP.NS,1089096908800,89,Large
HEROMOTOCO.NS,1079384276992,90,Large
LUPIN.NS,1077388050432,91,Large
GODREJCP.NS,1076760346624,92,Large
CIPLA.NS,1069743996928,93,Large
IDBI.NS,1062547947520,94,Large
ASHOKLEY.NS,1048306843648,95,Large
TATACONSUM.NS,1046754426880,96,Large
HDFCAMC.NS,1040486301696,97,Large
IDEA.NS,1035759452160,98,Large
ENRIN.NS,1020961882112,99,Large
GAIL.NS,1001713369088,100,Large
MAXHEALTH.NS,993766932480,101,Mid
UNITDSPR.NS,991811534848,102,Mid
MAZDOCK.NS,985578405888,103,Mid
GMRAIRPORT.NS,985046908928,104,Mid
MARICO.NS,980932755456,105,Mid
GVT&D.NS,960123305984,106,Mid
BHEL.NS,932670668800,107,Mid
ICICIGI.NS,924394258432,108,Mid
BOSCHLTD.NS,923563589632,109,Mid
ZYDUSLIFE.NS,922918715392,110,Mid
MANKIND.NS,911432220672,111,Mid
JSWENERGY.NS,910200406016,112,Mid
RECLTD.NS,904639217664,113,Mid
INDHOTEL.NS,889573933056,114,Mid
LODHA.NS,867961208832,115,Mid
ICICIPRULI.NS,858971635712,116,Mid
BHARATFORG.NS,850806505472,117,Mid
HAVELLS.NS,849355669504,118,Mid
SHREECEM.NS,847897559040,119,Mid
ABCAPITAL.NS,838189187072,120,Mid
NTPCGREEN.NS,822831087616,121,Mid
HINDPETRO.NS,817828593664,122,Mid
DABUR.NS,814744535040,123,Mid
WAAREEENER.NS,787963445248,124,Mid
OIL.NS,779908677632,125,Mid
SRF.NS,778500571136,126,Mid
AUROPHARMA.NS,761953648640,127,Mid
BHARTIHEXA.NS,760950030336,128,Mid
TORNTPOWER.NS,758878765056,129,Mid
NATIONALUM.NS,752294690816,130,Mid
NHPC.NS,751167668224,131,Mid
PERSISTENT.NS,737171472384,132,Mid
SWIGGY.NS,729352765440,133,Mid
NMDC.NS,710994296832,134,Mid
BANKINDIA.NS,704661880832,135,Mid
NYKAA.NS,701306109952,136,Mid
BAJAJHFL.NS,696942460928,137,Mid
POLICYBZR.NS,677515952128,138,Mid
SBICARD.NS,675907436544,139,Mid
AUBANK.NS,674106441728,140,Mid
ATGL.NS,668598337536,141,Mid
FEDERALBNK.NS,665749028864,142,Mid
LTF.NS,664914493440,143,Mid
LLOYDSME.NS,656050946048,144,Mid
DIXON.NS,655856238592,145,Mid
IOB.NS,652389122048,146,Mid
ALKEM.NS,650911875072,147,Mid
FORTIS.NS,648886550528,148,Mid
GICRE.NS,647899906048,149,Mid
INDUSINDBK.NS,647709851648,150,Mid
PAYTM.NS,645870125056,151,Mid
MCX.NS,642928082944,152,Mid
GLENMARK.NS,636976824320,153,Mid
BIOCON.NS,635101773824,154,Mid
SAIL.NS,634655145984,155,Mid
SCHAEFFLER.NS,623432826880,156,Mid
NAUKRI.NS,618621829120,157,Mid
UNOMINDA.NS,616969404416,158,Mid
JSL.NS,615189708800,159,Mid
LINDEINDIA.NS,613150949376,160,Mid
YESBANK.NS,606241816576,161,Mid
COROMANDEL.NS,591941795840,162,Mid
SUNDARMFIN.NS,589364199424,163,Mid
MFSL.NS,585751330816,164,Mid
MRF.NS,585298935808,165,Mid
RVNL.NS,583134806016,166,Mid
OFSS.NS,582617006080,167,Mid
SUZLON.NS,581916884992,168,Mid
ABBOTINDIA.NS,567037591552,169,Mid
LAURUSLABS.NS,565258092544,170,Mid
PHOENIXLTD.NS,558641250304,171,Mid
APLAPOLLO.NS,557957447680,172,Mid
IDFCFIRSTB.NS,557055606784,173,Mid
FACT.NS,546840543232,174,Mid
JSWINFRA.NS,539731918848,175,Mid
PRESTIGE.NS,539575746560,176,Mid
NAM-INDIA.NS,539344961536,177,Mid
COLPAL.NS,537389236224,178,Mid
PATANJALI.NS,535414013952,179,Mid
OBEROIRLTY.NS,534684368896,180,Mid
UPL.NS,531725975552,181,Mid
MAHABANK.NS,516180246528,182,Mid
SUPREMEIND.NS,513880621056,183,Mid
HINDCOPPER.NS,510156865536,184,Mid
VMM.NS,495665414144,185,Mid
BDL.NS,494639448064,186,Mid
BERGEPAINT.NS,494063747072,187,Mid
TIINDIA.NS,493481492480,188,Mid
GODREJPROP.NS,486839812096,189,Mid
M&MFIN.NS,481176322048,190,Mid
VOLTAS.NS,479584354304,191,Mid
ASTRAL.NS,455630684160,192,Mid
PIIND.NS,447888621568,193,Mid
PETRONET.NS,445050060800,194,Mid
BALKRISIND.NS,440801820672,195,Mid
UBL.NS,435078692864,196,Mid
IRCTC.NS,429360021504,197,Mid
GLAXO.NS,424260435968,198,Mid
360ONE.NS,423570341888,199,Mid
MOTILALOFS.NS,419588177920,200,Mid
MPHASIS.NS,416643514368,201,Mid
KEI.NS,413950574592,202,Mid
TATACOMM.NS,413050503168,203,Mid
KALYANKJIL.NS,402894225408,204,Mid
JKCEMENT.NS,401717624832,205,Mid
BLUESTARCO.NS,401621647360,206,Mid
IPCALAB.NS,397418790912,207,Mid
AJANTPHARM.NS,389926682624,208,Mid
3MINDIA.NS,386448228352,209,Mid
RADICO.NS,382600642560,210,Mid
AIIL.NS,381684383744,211,Mid
COCHINSHIP.NS,380073115648,212,Mid
APARINDS.NS,379845214208,213,Mid
COFORGE.NS,372153286656,214,Mid
NLCINDIA.NS,367805366272,215,Mid
THERMAX.NS,356566106112,216,Mid
CONCOR.NS,355789799424,217,Mid
DALBHARAT.NS,355652206592,218,Mid
ESCORTS.NS,355358736384,219,Mid
PREMIERENE.NS,354506932224,220,Mid
ASTERDM.NS,353694744576,221,Mid
HUDCO.NS,353655652352,222,Mid
PGHH.NS,351257624576,223,Mid
FLUOROCHEM.NS,349905223680,224,Mid
AIAENG.NS,347413086208,225,Mid
NH.NS,346386792448,226,Mid
ENDURANCE.NS,346100924416,227,Mid
PAGEIND.NS,344417271808,228,Mid
JBCHEPHARM.NS,342214803456,229,Mid
MRPL.NS,335892709376,230,Mid
UCOBANK.NS,333276839936,231,Mid
POONAWALLA.NS,332064555008,232,Mid
LTTS.NS,331714854912,233,Mid
CENTRALBK.NS,331549016064,234,Mid
ITCHOTELS.NS,329188245504,235,Mid
IREDA.NS,328764358656,236,Mid
GODFRYPHLP.NS,326251479040,237,Mid
NAVINFLUOR.NS,319259049984,238,Mid
GODIGIT.NS,318416945152,239,Mid
TATAINVEST.NS,318345609216,240,Mid
SONACOMS.NS,317328457728,241,Mid
KPRMILL.NS,311490019328,242,Mid
CRISIL.NS,309985542144,243,Mid
DELHIVERY.NS,306568560640,244,Mid
JUBLFOOD.NS,303683698688,245,Mid
GODREJIND.NS,300716195840,246,Mid
MEDANTA.NS,296426373120,247,Mid
ABSLAMC.NS,288828948480,248,Mid
EMCURE.NS,287076483072,249,Mid
BANDHANBNK.NS,286769020928,250,Mid
KARURVYSYA.NS,285829234688,251,Small
SJVN.NS,284320661504,252,Small
FORCEMOT.NS,284080209920,253,Small
CHOLAHLDNG.NS,279519526912,254,Small
GRSE.NS,277696610304,255,Small
LICHSGFIN.NS,274206392320,256,Small
GLAND.NS,272721297408,257,Small
STARHEALTH.NS,272046964736,258,Small
ATHERENERG.NS,271697379328,259,Small
HONAUT.NS,270552236032,260,Small
TATAELXSI.NS,269744635904,261,Small
PTCIL.NS,269236191232,262,Small
ACC.NS,269174276096,263,Small
GUJGASLTD.NS,267370725376,264,Small
KIMS.NS,265852321792,265,Small
MSUMI.NS,265664397312,266,Small
ZFCVINDIA.NS,264996110336,267,Small
APOLLOTYRE.NS,264506834944,268,Small
EXIDEIND.NS,263572750336,269,Small
TIMKEN.NS,262747881472,270,Small
GILLETTE.NS,260404756480,271,Small
IRB.NS,257080229888,272,Small
ANANDRATHI.NS,255321374720,273,Small
HEXT.NS,255133171712,274,Small
CDSL.NS,253057204224,275,Small
ITI.NS,249732874240,276,Small
KAYNES.NS,248236867584,277,Small
AMBER.NS,243860668416,278,Small
RAMCOCEM.NS,235276337152,279,Small
SUNTV.NS,233810395136,280,Small
NBCC.NS,233766010880,281,Small
HSCL.NS,230181568512,282,Small
IKS.NS,230144655360,283,Small
LALPATHLAB.NS,229922471936,284,Small
AWL.NS,228356390912,285,Small
NIACL.NS,227432316928,286,Small
IGL.NS,226883960832,287,Small
TATATECH.NS,224039682048,288,Small
AEGISLOG.NS,223674744832,289,Small
WELCORP.NS,222632050688,290,Small
ASAHIINDIA.NS,218268663808,291,Small
SCHNEIDER.NS,216974950400,292,Small
SHYAMMETL.NS,216962514944,293,Small
MANAPPURAM.NS,216306401280,294,Small
NUVAMA.NS,215612735488,295,Small
ASTRAZEN.NS,215225008128,296,Small
PFIZER.NS,214785605632,297,Small
AEGISVOPAK.NS,214363127808,298,Small
SAILIFE.NS,213642264576,299,Small
KIRLOSENG.NS,213504835584,300,Small
GESHIP.NS,212223393792,301,Small
CESC.NS,211322437632,302,Small
WOCKPHARMA.NS,211012337664,303,Small
EIHOTEL.NS,207495823360,304,Small
AADHARHFC.NS,206844362752,305,Small
IIFL.NS,204407078912,306,Small
PNBHOUSING.NS,203235753984,307,Small
BAYERCROP.NS,202471636992,308,Small
DEEPAKNTR.NS,201929900032,309,Small
KPIL.NS,195893182464,310,Small
SARDAEN.NS,194021130240,311,Small
SUMICHEM.NS,193943060480,312,Small
AFFLE.NS,193762000896,313,Small
ANGELONE.NS,193692385280,314,Small
PPLPHARMA.NS,192703545344,315,Small
REDINGTON.NS,191964708864,316,Small
HBLENGINE.NS,191209062400,317,Small
CREDITACC.NS,188483158016,318,Small
EMAMILTD.NS,186883325952,319,Small
DATAPATTNS.NS,186538573824,320,Small
ATUL.NS,185556664320,321,Small
RBLBANK.NS,185242779648,322,Small
SAGILITY.NS,184865669120,323,Small
ERIS.NS,184110759936,324,Small
NETWEB.NS,183865540608,325,Small
CASTROLIND.NS,183571218432,326,Small
KPITTECH.NS,182848094208,327,Small
NATCOPHARM.NS,182112223232,328,Small
CUB.NS,181192065024,329,Small
GMDCLTD.NS,176678502400,330,Small
CRAFTSMAN.NS,175433957376,331,Small
SUNDRMFAST.NS,174448574464,332,Small
TATACHEM.NS,174036746240,333,Small
CHAMBLFERT.NS,173923155968,334,Small
JYOTICNC.NS,172796067840,335,Small
GPIL.NS,171702403072,336,Small
INDIACEM.NS,170110107648,337,Small
CHALET.NS,169732161536,338,Small
ANANTRAJ.NS,169090842624,339,Small
ONESOURCE.NS,169074409472,340,Small
CAMS.NS,164632985600,341,Small
NAVA.NS,162867232768,342,Small
BRIGADE.NS,162654666752,343,Small
CGCL.NS,162652127232,344,Small
SYNGENE.NS,162422652928,345,Small
RRKABEL.NS,162164293632,346,Small
AARTIIND.NS,162034745344,347,Small
CROMPTON.NS,161569374208,348,Small
NEULANDLAB.NS,161485160448,349,Small
JSWCEMENT.NS,160414793728,350,Small
DCMSHRIRAM.NS,157484924928,351,Small
GSPL.NS,157353476096,352,Small
KFINTECH.NS,156582821888,353,Small
VTL.NS,156578611200,354,Small
VENTIVE.NS,155468660736,355,Small
BIKAJI.NS,155116879872,356,Small
ELGIEQUIP.NS,154943094784,357,Small
CEATLTD.NS,153559990272,358,Small
FSL.NS,153486688256,359,Small
CENTURYPLY.NS,152188502016,360,Small
PGEL.NS,151449993216,361,Small
BASF.NS,150188179456,362,Small
CARBORUNIV.NS,149990834176,363,Small
KAJARIACER.NS,149715943424,364,Small
TRITURBINE.NS,149504622592,365,Small
KEC.NS,149218410496,366,Small
MAHSCOOTER.NS,146635358208,367,Small
ECLERX.NS,145989632000,368,Small
IFCI.NS,145578082304,369,Small
ACMESOLAR.NS,145481711616,370,Small
THELEELA.NS,145421959168,371,Small
GRANULES.NS,145394843648,372,Small
INOXWIND.NS,144700899328,373,Small
ARE&M.NS,144569319424,374,Small
SYRMA.NS,144565108736,375,Small
EIDPARRY.NS,144236675072,376,Small
DEVYANI.NS,144204627968,377,Small
CHOICEIN.NS,143892611072,378,Small
SOBHA.NS,143293530112,379,Small
CCL.NS,141269843968,380,Small
CHENNPETRO.NS,140677038080,381,Small
J&KBANK.NS,140411781120,382,Small
VGUARD.NS,139063050240,383,Small
IGIL.NS,138680041472,384,Small
APLLTD.NS,138577772544,385,Small
AGARWALEYE.NS,137906307072,386,Small
FINCABLES.NS,136796594176,387,Small
LTFOODS.NS,135498194944,388,Small
BEML.NS,134477627392,389,Small
KSB.NS,133688229888,390,Small
POLYMED.NS,133171544064,391,Small
AKZOINDIA.NS,132836532224,392,Small
ABREL.NS,131543285760,393,Small
JUBLPHARMA.NS,131172196352,394,Small
DOMS.NS,130750119936,395,Small
NIVABUPA.NS,129414725632,396,Small
TBOTEK.NS,129165623296,397,Small
TECHNOE.NS,128708739072,398,Small
CAPLIPOINT.NS,128493674496,399,Small
IRCON.NS,128427425792,400,Small
USHAMART.NS,128417153024,401,Small
ZENSARTECH.NS,127980445696,402,Small
ZENTEC.NS,127569182720,403,Small
JINDALSAW.NS,126713774080,404,Small
KIRLOSBROS.NS,126283718656,405,Small
GRAPHITE.NS,126232657920,406,Small
INDIAMART.NS,126164549632,407,Small
UTIAMC.NS,125955170304,408,Small
BLUEDART.NS,125841096704,409,Small
JKTYRE.NS,124265095168,410,Small
DEEPAKFERT.NS,123623202816,411,Small
ABLBL.NS,122995834880,412,Small
CONCORDBIO.NS,122871734272,413,Small
JBMA.NS,121618325504,414,Small
RAINBOW.NS,119184662528,415,Small
TRIDENT.NS,118855614464,416,Small
JMFINANCIL.NS,117996199936,417,Small
SCI.NS,116775813120,418,Small
FINPIPE.NS,116434690048,419,Small
JWL.NS,116330225664,420,Small
CANFINHOME.NS,116214865920,421,Small
SAMMAANCAP.NS,116196171776,422,Small
SIGNATURE.NS,114474057728,423,Small
HFCL.NS,113953054720,424,Small
SWANCORP.NS,113863188480,425,Small
APTUS.NS,113788780544,426,Small
MINDACORP.NS,113243897856,427,Small
GODREJAGRO.NS,112909312000,428,Small
ENGINERSIN.NS,112885964800,429,Small
NSLNISP.NS,111065743360,430,Small
WELSPUNLIV.NS,110832140288,431,Small
COHANCE.NS,110801534976,432,Small
BBTC.NS,109604683776,433,Small
GRAVITA.NS,109488439296,434,Small
WHIRLPOOL.NS,109259374592,435,Small
IEX.NS,109170507776,436,Small
FIVESTAR.NS,108687753216,437,Small
INOXINDIA.NS,108598534144,438,Small
FIRSTCRY.NS,108273606656,439,Small
PCBL.NS,107021828096,440,Small
INDGN.NS,106568630272,441,Small
NUVOCO.NS,105187196928,442,Small
BSOFT.NS,104695562240,443,Small
HOMEFIRST.NS,104517058560,444,Small
MGL.NS,103736418304,445,Small
BLS.NS,103643226112,446,Small
ACE.NS,103055859712,447,Small
BALRAMCHIN.NS,102922788864,448,Small
AFCONS.NS,102428024832,449,Small
SBFC.NS,102310854656,450,Small
RKFORGE.NS,101426020352,451,Small
HEG.NS,100184293376,452,Small
CYIENT.NS,99654680576,453,Small
OLAELEC.NS,99492470784,454,Small
VIJAYA.NS,98317803520,455,Small
RPOWER.NS,97852342272,456,Small
PVRINOX.NS,97836621824,457,Small
JPPOWER.NS,97170038784,458,Small
RITES.NS,95952543744,459,Small
METROPOLIS.NS,94536286208,460,Small
NCC.NS,93863067648,461,Small
AAVAS.NS,93430571008,462,Small
INTELLECT.NS,92679192576,463,Small
RAILTEL.NS,92141420544,464,Small
BATAINDIA.NS,91762237440,465,Small
JUBLINGREA.NS,91371782144,466,Small
HONASA.NS,91298111488,467,Small
TITAGARH.NS,88325783552,468,Small
TARIL.NS,87768481792,469,Small
ELECON.NS,87740375040,470,Small
MANYAVAR.NS,85757362176,471,Small
JYOTHYLAB.NS,84128841728,472,Small
MMTC.NS,83519479808,473,Small
LEMONTREE.NS,83492413440,474,Small
TRIVENI.NS,78832705536,475,Small
ZEEL.NS,78781800448,476,Small
RHIM.NS,78656389120,477,Small
TEJASNET.NS,78231355392,478,Small
CLEAN.NS,78134329344,479,Small
TTML.NS,76918333440,480,Small
AKUMS.NS,76440821760,481,Small
ABFRL.NS,75501174784,482,Small
MAHSEAMLES.NS,75240579072,483,Small
OLECTRA.NS,74180468736,484,Small
CAMPUS.NS,73342369792,485,Small
SONATSOFTW.NS,67275862016,486,Small
SAREGAMA.NS,66767151104,487,Small
ALKYLAMINE.NS,66696957952,488,Small
RCF.NS,66572206080,489,Small
ALOKINDS.NS,65590824960,490,Small
BLUEJET.NS,65457180672,491,Small
NEWGEN.NS,63615115264,492,Small
HAPPSTMNDS.NS,61452038144,493,Small
LATENTVIEW.NS,61053210624,494,Small
CERA.NS,60182278144,495,Small
PRAJIND.NS,57800028160,496,Small
DBREALTY.NS,56155373568,497,Small
SAPPHIRE.NS,54483279872,498,Small
MAPMYINDIA.NS,52921319424,499,Small
RELINFRA.NS,36749385728,500,Small
